call h668895.szemelyhozzaad('Kardos Tünde','oMi0soh0','KardosTunde@dayrep.com');
call h668895.szemelyhozzaad('Gyõrfy Nándor','bi3Pheu8m','GyorfyNandor@dayrep.com');
call h668895.szemelyhozzaad('Sipos Zsuzsi','Meiz5uuy','SiposZsuzsi@rhyta.com');
call h668895.szemelyhozzaad('Szõlõsi Bars','Chaireex0oh','SzolosiBars@jourrapide.com');
call h668895.szemelyhozzaad('Illyés Benedek','foiLope2','IllyesBenedek@dayrep.com');
call h668895.szemelyhozzaad('Balázs Gedeon','eeN1voxu','BalazsGedeon@jourrapide.com');
call h668895.szemelyhozzaad('Gyarmaty Firenze','phiC1tiesh','GyarmatyFirenze@armyspy.com');
call h668895.szemelyhozzaad('Kun Fredek','aeYe0gaex','KunFredek@rhyta.com');
call h668895.szemelyhozzaad('Szalai Solt','safeo0Airee','SzalaiSolt@armyspy.com');
call h668895.szemelyhozzaad('Szölõsy Bernadett','toeth0ooQu7','SzolosyBernadett@armyspy.com');
call h668895.szemelyhozzaad('Kozma Gerzson','Hai7mao6a','KozmaGerzson@dayrep.com');
call h668895.szemelyhozzaad('Gyõri Szabolcs','uChi4taeN1Qu','GyoriSzabolcs@dayrep.com');
call h668895.szemelyhozzaad('Bányai Nóra','deijohf2K','BanyaiNora@jourrapide.com');
call h668895.szemelyhozzaad('Tar Kartal','ieX7otee','TarKartal@jourrapide.com');
call h668895.szemelyhozzaad('Berényi Asztrik','looNajie4ca','BerenyiAsztrik@teleworm.us');
call h668895.szemelyhozzaad('Takácz Farkas','ue5phaiyahD','TakaczFarkas@armyspy.com');
call h668895.szemelyhozzaad('Kováts Szebasztián','aeniev9oa3L','KovatsSzebasztian@rhyta.com');
call h668895.szemelyhozzaad('Harsányi Vayk','choog5Gae','HarsanyiVayk@rhyta.com');
call h668895.szemelyhozzaad('Deák Georgina','Teijo8oon6ah','DeakGeorgina@rhyta.com');
call h668895.szemelyhozzaad('Miklós Marianna','aLa3Eewai','MiklosMarianna@jourrapide.com');
call h668895.szemelyhozzaad('Csizmazia Kornél','Sheev4Mi','CsizmaziaKornel@dayrep.com');
call h668895.szemelyhozzaad('Szûts Frigyes','KahCha3ool','SzutsFrigyes@teleworm.us');
call h668895.szemelyhozzaad('Makai Klaudia','tiel4Thahku','MakaiKlaudia@teleworm.us');
call h668895.szemelyhozzaad('Sághy Treszka','cah8uh6oYu','SaghyTreszka@armyspy.com');
call h668895.szemelyhozzaad('Simon Flóra','nai7uusha9Ei','SimonFlora@rhyta.com');
call h668895.szemelyhozzaad('Fekete Alexa','ooth6ieZai','FeketeAlexa@jourrapide.com');
call h668895.szemelyhozzaad('Györffy Liza','ohtaeK9l','GyorffyLiza@teleworm.us');
call h668895.szemelyhozzaad('Szép Kende','wooz1Tied','SzepKende@jourrapide.com');
call h668895.szemelyhozzaad('Dömötör Karolina','Zohngai2x','DomotorKarolina@rhyta.com');
call h668895.szemelyhozzaad('Zsinka Viva','egohbei9U','ZsinkaViva@dayrep.com');
call h668895.szemelyhozzaad('Sághy Radomér','puHoox8oweo','SaghyRadomer@dayrep.com');
call h668895.szemelyhozzaad('Széll Julcsa','yeequ7zieB','SzellJulcsa@jourrapide.com');
call h668895.szemelyhozzaad('Majer Hajnalka','aigaex4aiNah','MajerHajnalka@armyspy.com');
call h668895.szemelyhozzaad('Markó Vanda','vaeToo6aiJei','MarkoVanda@teleworm.us');
call h668895.szemelyhozzaad('Szegedi Janka','pheeJo4pu','SzegediJanka@armyspy.com');
call h668895.szemelyhozzaad('Kiss Zsuzsanna','SahShaek6g','KissZsuzsanna@jourrapide.com');
call h668895.szemelyhozzaad('Benedek Gitta','ooJohwie7','BenedekGitta@rhyta.com');
call h668895.szemelyhozzaad('Tot Zsombor','veiY4ahw','TotZsombor@dayrep.com');
call h668895.szemelyhozzaad('Bence Fanni','Iongaiv3nai','BenceFanni@teleworm.us');
call h668895.szemelyhozzaad('Béres Georgina','rai6aew7ETh','BeresGeorgina@rhyta.com');
call h668895.szemelyhozzaad('Deák Kadosa','rijohae1U','DeakKadosa@teleworm.us');
call h668895.szemelyhozzaad('Saági Alberta','eec0wah8O','SaagiAlberta@dayrep.com');
call h668895.szemelyhozzaad('Nemes Nikoletta','jae4ej1Tah','NemesNikoletta@jourrapide.com');
call h668895.szemelyhozzaad('Sebestyén Lipót','Shiexei9','SebestyenLipot@armyspy.com');
call h668895.szemelyhozzaad('Mészáros Menyhért','Veizuw4aiv','MeszarosMenyhert@rhyta.com');
call h668895.szemelyhozzaad('Györffi Keleman','ooDa6aw4','GyorffiKeleman@armyspy.com');
call h668895.szemelyhozzaad('Urbán Csombor','zowo5UYeeBe','UrbanCsombor@rhyta.com');
call h668895.szemelyhozzaad('Albert Viva','ooc2aht0Ae','AlbertViva@armyspy.com');
call h668895.szemelyhozzaad('Hajnal Eszter','oor9aePhaeL','HajnalEszter@dayrep.com');
call h668895.szemelyhozzaad('Jakab Gara','pieg7Ze0ipie','JakabGara@armyspy.com');
call h668895.szemelyhozzaad('Lukáts Dóra','Ej2aiFei3','LukatsDora@jourrapide.com');
call h668895.szemelyhozzaad('Lang Adél','zaitiJa0ae','LangAdel@jourrapide.com');
call h668895.szemelyhozzaad('Erõs Roland','dahr3ooM','ErosRoland@armyspy.com');
call h668895.szemelyhozzaad('Mayer Kolos','Aehiebie3','MayerKolos@dayrep.com');
call h668895.szemelyhozzaad('Szölõs Dominik','GohNoph0cie','SzolosDominik@jourrapide.com');
call h668895.szemelyhozzaad('Sebök Liza','Ve6Cerai5ua','SebokLiza@teleworm.us');
call h668895.szemelyhozzaad('Pataki Beatrix','es4Aengai','PatakiBeatrix@teleworm.us');
call h668895.szemelyhozzaad('Bence Elizabet','quie8iRae','BenceElizabet@jourrapide.com');
call h668895.szemelyhozzaad('Pataky Moricz','thoJaeg7','PatakyMoricz@dayrep.com');
call h668895.szemelyhozzaad('Sultés Darda','ohYa3NeP7z','SultesDarda@rhyta.com');
call h668895.szemelyhozzaad('Vig Agoti','yieT7Rii5ee','VigAgoti@jourrapide.com');
call h668895.szemelyhozzaad('Lovász Zalán','Maenei9qu','LovaszZalan@dayrep.com');
call h668895.szemelyhozzaad('Fülöp Jenci','pao8xahNah','FulopJenci@rhyta.com');
call h668895.szemelyhozzaad('Szöllössi Tivadar','eep3Ucaev2','SzollossiTivadar@armyspy.com');
call h668895.szemelyhozzaad('Szathmári Hajnalka','Toitoo5oh','SzathmariHajnalka@dayrep.com');
call h668895.szemelyhozzaad('Bernáth Liza','Cheehu8J','BernathLiza@dayrep.com');
call h668895.szemelyhozzaad('Lendvay Fredek','Oph7toet2pha','LendvayFredek@jourrapide.com');
call h668895.szemelyhozzaad('Szölõs Nyék','taini8PaiN2','SzolosNyek@jourrapide.com');
call h668895.szemelyhozzaad('Berta Vitéz','caeXohf6orie','BertaVitez@armyspy.com');
call h668895.szemelyhozzaad('Sebestyén Blanka','Chok6fai1sa','SebestyenBlanka@rhyta.com');
call h668895.szemelyhozzaad('Széll Hajnalka','Ahgh4Zei1','SzellHajnalka@dayrep.com');
call h668895.szemelyhozzaad('Vég Boglárka','aNg7ohngeir','VegBoglarka@teleworm.us');
call h668895.szemelyhozzaad('Bán Marót','eoz5Aib7nie','BanMarot@armyspy.com');
call h668895.szemelyhozzaad('Laczkó Enikõ','chiab5ooPh','LaczkoEniko@dayrep.com');
call h668895.szemelyhozzaad('Rigó Alex','faith9Pho','RigoAlex@rhyta.com');
call h668895.szemelyhozzaad('Mátyás Ivett','aiquoh6oy6Ae','MatyasIvett@teleworm.us');
call h668895.szemelyhozzaad('Bakos Juci','Ku5Xu5Veezei','BakosJuci@rhyta.com');
call h668895.szemelyhozzaad('Sebõk Rez','eiFai1lupu0','SebokRez@teleworm.us');
call h668895.szemelyhozzaad('Komáromi Bertuska','Oof4Ohshie','KomaromiBertuska@armyspy.com');
call h668895.szemelyhozzaad('Sághi Oszlár','ooR5kah4','SaghiOszlar@teleworm.us');
call h668895.szemelyhozzaad('Seres Renátó','Aed4iuh5oi','SeresRenato@teleworm.us');
call h668895.szemelyhozzaad('Bagi Cintia','chio8Phai','BagiCintia@jourrapide.com');
call h668895.szemelyhozzaad('Pásztor Réka','aung7Suuxae','PasztorReka@dayrep.com');
call h668895.szemelyhozzaad('Kurutz Borbála','Eic8Aix0Thae','KurutzBorbala@teleworm.us');
call h668895.szemelyhozzaad('Szilágyi Gyuszi','Ohsheu4Sh','SzilagyiGyuszi@dayrep.com');
call h668895.szemelyhozzaad('Sultés Szevér','Chihee5Aez','SultesSzever@armyspy.com');
call h668895.szemelyhozzaad('Kállay Dalma','ahF2Ri5fei','KallayDalma@teleworm.us');
call h668895.szemelyhozzaad('Földesi Kata','Shee2eegoo','FoldesiKata@armyspy.com');
call h668895.szemelyhozzaad('Kuncz Ormos','baew0ongiFah','KunczOrmos@jourrapide.com');
call h668895.szemelyhozzaad('Szepesi Olivér','vupheNei1sh','SzepesiOliver@armyspy.com');
call h668895.szemelyhozzaad('Demeter Krisztofer','are6wieZoo','DemeterKrisztofer@dayrep.com');
call h668895.szemelyhozzaad('Erdélyi Izsak','Er9Paepei7','ErdelyiIzsak@teleworm.us');
call h668895.szemelyhozzaad('Illés Hunor','ooquoo0F','IllesHunor@dayrep.com');
call h668895.szemelyhozzaad('Virág Viktor','ogu9eiPh2','ViragViktor@teleworm.us');
call h668895.szemelyhozzaad('Kõvári Tardos','Ohb2uxaib','KovariTardos@teleworm.us');
call h668895.szemelyhozzaad('Benkö Ilona','Ti5aiquae','BenkoIlona@rhyta.com');
call h668895.szemelyhozzaad('Bernáth Jázmin','caTh4eoxai','BernathJazmin@rhyta.com');
call h668895.szemelyhozzaad('Albert Dániel','yae9Phiey4ee','AlbertDaniel@teleworm.us');
call h668895.szemelyhozzaad('Nagy Nóra','Kog2too4','NagyNora@rhyta.com');
call h668895.szemelyhozzaad('Bolla Menyhért','nael4To6j','BollaMenyhert@armyspy.com');
call h668895.szemelyhozzaad('Bálint Juci','ohweeki6Jah','BalintJuci@dayrep.com');
call h668895.szemelyhozzaad('Mezey Kemenes','iehie4Sh','MezeyKemenes@teleworm.us');
call h668895.szemelyhozzaad('Farkas Ágnes','eeBai6Thoe0','FarkasAgnes@dayrep.com');
call h668895.szemelyhozzaad('Váradi Vanda','chohs2ooJ','VaradiVanda@jourrapide.com');
call h668895.szemelyhozzaad('Heged?s Marianna','hai0AiFae','HegedusMarianna@teleworm.us');
call h668895.szemelyhozzaad('Torma Linka','Cahchoo3poth','TormaLinka@rhyta.com');
call h668895.szemelyhozzaad('Szalai Kartal','aing9aeDah','SzalaiKartal@jourrapide.com');
call h668895.szemelyhozzaad('Mülner Lajos','eeGh1uep','MulnerLajos@dayrep.com');
call h668895.szemelyhozzaad('Csizmadia Marika','Je9eiShe','CsizmadiaMarika@rhyta.com');
call h668895.szemelyhozzaad('Rátz Géza','quahL8nequ','RatzGeza@dayrep.com');
call h668895.szemelyhozzaad('Szakáts Edina','chiiK7ahsh','SzakatsEdina@rhyta.com');
call h668895.szemelyhozzaad('Rózsa Zerind','Thoh9ca8caNg','RozsaZerind@teleworm.us');
call h668895.szemelyhozzaad('Kováts Kinga','Tei5co6ie','KovatsKinga@jourrapide.com');
call h668895.szemelyhozzaad('Balogh Beatrix','eCheet0w','BaloghBeatrix@armyspy.com');
call h668895.szemelyhozzaad('Bodo Mária','xoo6oaYilie','BodoMaria@armyspy.com');
call h668895.szemelyhozzaad('Szatmáry Nusi','ooghooB7Ie','SzatmaryNusi@armyspy.com');
call h668895.szemelyhozzaad('Bogdán Bálint','iZ9Gooboor','BogdanBalint@jourrapide.com');
call h668895.szemelyhozzaad('Balla Paliki','lec0Eibudoo','BallaPaliki@dayrep.com');
call h668895.szemelyhozzaad('Hoffmann Franciska','hooFaiyi9','HoffmannFranciska@dayrep.com');
call h668895.szemelyhozzaad('Szabados Csanád','Eu9eethee8','SzabadosCsanad@armyspy.com');
call h668895.szemelyhozzaad('László Annamária','IpuB0oTee','LaszloAnnamaria@armyspy.com');
call h668895.szemelyhozzaad('Mülner Laborc','aethooB4meiM','MulnerLaborc@teleworm.us');
call h668895.szemelyhozzaad('Bence Martuska','uosh0aY3Zai','BenceMartuska@teleworm.us');
call h668895.szemelyhozzaad('Fenyvesi Deli','uungoh6BieN','FenyvesiDeli@dayrep.com');
call h668895.szemelyhozzaad('Gaál Marika','OhC1athie7','GaalMarika@dayrep.com');
call h668895.szemelyhozzaad('Fazakas Mátyás','caeV4Uung','FazakasMatyas@teleworm.us');
call h668895.szemelyhozzaad('Földy Rebeka','euSh9uer','FoldyRebeka@armyspy.com');
call h668895.szemelyhozzaad('Keresztes Regina','oothoor5C','KeresztesRegina@jourrapide.com');
call h668895.szemelyhozzaad('Pintér Szonja','EuTha1chai2','PinterSzonja@rhyta.com');
call h668895.szemelyhozzaad('Lengyel Kamilla','wohy4Gu7eng','LengyelKamilla@teleworm.us');
call h668895.szemelyhozzaad('Kõváry Kornél','oozaiFoi0ee','KovaryKornel@dayrep.com');
call h668895.szemelyhozzaad('Márton Rezsõ','eefePhexai1','MartonRezso@teleworm.us');
call h668895.szemelyhozzaad('Simko Viva','aoshac5Gai','SimkoViva@rhyta.com');
call h668895.szemelyhozzaad('Thury Csenge','iGhiedo5','ThuryCsenge@armyspy.com');
call h668895.szemelyhozzaad('Illés Karole','XaBuu4booGh','IllesKarole@armyspy.com');
call h668895.szemelyhozzaad('Vig Katakin','aiNaenaip2','VigKatakin@teleworm.us');
call h668895.szemelyhozzaad('Urbán Zsa Zsa','zahC3ien9F','UrbanZsaZsa@armyspy.com');
call h668895.szemelyhozzaad('Kõváry Moricz','Choopaish7','KovaryMoricz@armyspy.com');
call h668895.szemelyhozzaad('Kováts Marianna','phaiFeex4iel','KovatsMarianna@rhyta.com');
call h668895.szemelyhozzaad('Mülner Zsolt','Wuomee0ae','MulnerZsolt@rhyta.com');
call h668895.szemelyhozzaad('Szöcs Ibolya','eeV2aiqu','SzocsIbolya@armyspy.com');
call h668895.szemelyhozzaad('Kalmár Ferko','Veghaow7ie','KalmarFerko@teleworm.us');
call h668895.szemelyhozzaad('Lantos Uzor','nahm5oi7Jo','LantosUzor@teleworm.us');
call h668895.szemelyhozzaad('Sallay Kamilla','Xaigh6Uw','SallayKamilla@jourrapide.com');
call h668895.szemelyhozzaad('Puskás Uros','wiWaivee0qu','PuskasUros@rhyta.com');
call h668895.szemelyhozzaad('Markó Laura','Ohgii9oot','MarkoLaura@armyspy.com');
call h668895.szemelyhozzaad('Lõrincz Boriska','Kuu7Xu2kehu','LorinczBoriska@jourrapide.com');
call h668895.szemelyhozzaad('Pásztor Jozsef','feemah9A','PasztorJozsef@armyspy.com');
call h668895.szemelyhozzaad('Czakó Enikõ','ieph4ciuM9','CzakoEniko@rhyta.com');
call h668895.szemelyhozzaad('Lengyel Liliána','ioz4Aibawei','LengyelLiliana@jourrapide.com');
call h668895.szemelyhozzaad('Herczegh Janka','Thee4iexie','HerczeghJanka@rhyta.com');
call h668895.szemelyhozzaad('Gyõrffy Ond','rohqu8nouCh','GyorffyOnd@rhyta.com');
call h668895.szemelyhozzaad('Demeter Tétény','nieV4dohxie','DemeterTeteny@dayrep.com');
call h668895.szemelyhozzaad('Sági Hajnalka','aeja6iuVa5ai','SagiHajnalka@teleworm.us');
call h668895.szemelyhozzaad('Földi Zsa Zsa','Shuch0dabui','FoldiZsaZsa@rhyta.com');
call h668895.szemelyhozzaad('Székely Ambrus','Koh7Zahbee','SzekelyAmbrus@rhyta.com');
call h668895.szemelyhozzaad('Orosz Titusz','aezaeThaib1','OroszTitusz@teleworm.us');
call h668895.szemelyhozzaad('Kuncz Mátyás','Fieg5Gahv','KunczMatyas@teleworm.us');
call h668895.szemelyhozzaad('Lovász Emese','OeJohBie5ei','LovaszEmese@jourrapide.com');
call h668895.szemelyhozzaad('Sebeõk Fruzsina','Ayahd1rooR6','SebeokFruzsina@rhyta.com');
call h668895.szemelyhozzaad('Szöllõsy Antal','euHiaxoh8oo','SzollosyAntal@armyspy.com');
call h668895.szemelyhozzaad('Szakáts Barbara','ooJu1iegh6X','SzakatsBarbara@teleworm.us');
call h668895.szemelyhozzaad('Simko Vince','Shah9IChoh','SimkoVince@armyspy.com');
call h668895.szemelyhozzaad('Sipos Samuka','dah9sahGiez','SiposSamuka@rhyta.com');
call h668895.szemelyhozzaad('Gyõry Margo','soo2muBee','GyoryMargo@teleworm.us');
call h668895.szemelyhozzaad('Sághi Orbán','pheshahR7i','SaghiOrban@dayrep.com');
call h668895.szemelyhozzaad('Szakály Éva','suBie8Heeth','SzakalyEva@jourrapide.com');
call h668895.szemelyhozzaad('Sebestyén Vince','Maefee8OChie','SebestyenVince@teleworm.us');
call h668895.szemelyhozzaad('Kertész Etilka','Vahvi7koow','KerteszEtilka@teleworm.us');
call h668895.szemelyhozzaad('Szegedy Alex','Aey2ahQu','SzegedyAlex@teleworm.us');
call h668895.szemelyhozzaad('Szathmáry Gergo','xoa0shaeZ','SzathmaryGergo@rhyta.com');
call h668895.szemelyhozzaad('Révész Aurelia','iel5ahHa6ae','ReveszAurelia@dayrep.com');
call h668895.szemelyhozzaad('Józsa Tarcal','nec5Moo3ee','JozsaTarcal@rhyta.com');
call h668895.szemelyhozzaad('Danka Ladomér','koeShee0ah','DankaLadomer@jourrapide.com');
call h668895.szemelyhozzaad('Salay Klaudia','Oi3theich7','SalayKlaudia@teleworm.us');
call h668895.szemelyhozzaad('Takách Milán','Uichiob6ou','TakachMilan@armyspy.com');
call h668895.szemelyhozzaad('Kovács Endre','AepheNuk3oo','KovacsEndre@jourrapide.com');
call h668895.szemelyhozzaad('Máté György','aiboh1as4V','MateGyorgy@armyspy.com');
call h668895.szemelyhozzaad('Polgár Reg?','Aefae4too','PolgarRego@dayrep.com');
call h668895.szemelyhozzaad('Fenyvessy Erzsi','Queigh9ch','FenyvessyErzsi@armyspy.com');
call h668895.szemelyhozzaad('Csizmazia Brigitta','uo1bo2OiR','CsizmaziaBrigitta@armyspy.com');
call h668895.szemelyhozzaad('Bogdán Angyalka','aiKoh1thuz','BogdanAngyalka@armyspy.com');
call h668895.szemelyhozzaad('Fodor Miklós','Zeinai0nai','FodorMiklos@dayrep.com');
call h668895.szemelyhozzaad('Virágh György','raexoh0AeGh','ViraghGyorgy@dayrep.com');
call h668895.szemelyhozzaad('Csizmazia Gisella','ui6Uph8Vamie','CsizmaziaGisella@teleworm.us');
call h668895.szemelyhozzaad('Szepessy Evike','Eeshi5eiv','SzepessyEvike@dayrep.com');
call h668895.szemelyhozzaad('Jósa Hajna','eu9siQu2','JosaHajna@jourrapide.com');
call h668895.szemelyhozzaad('Várady Benjámin','iedae7Iifae','VaradyBenjamin@teleworm.us');
call h668895.szemelyhozzaad('Német Ktisztina','Ahzai9ch','NemetKtisztina@rhyta.com');
call h668895.szemelyhozzaad('Vince Kartal','coh6Zei7rich','VinceKartal@dayrep.com');
call h668895.szemelyhozzaad('Donka Ozor','Aw5Zeiz9O','DonkaOzor@rhyta.com');
call h668895.szemelyhozzaad('Markó Gizi','eureeX4oo','MarkoGizi@jourrapide.com');
call h668895.szemelyhozzaad('Kecskés Boglárka','meu9ieJohdae','KecskesBoglarka@jourrapide.com');
call h668895.szemelyhozzaad('Mezei Klaudia','yieRieGah9','MezeiKlaudia@rhyta.com');
call h668895.szemelyhozzaad('Kõváry Bartalan','yaxohshe8Woo','KovaryBartalan@rhyta.com');
call h668895.szemelyhozzaad('Csizmadia Darda','aoTei3ruj','CsizmadiaDarda@teleworm.us');
call h668895.szemelyhozzaad('Kalmár Cseke','Zoo1Quiesh','KalmarCseke@armyspy.com');
call h668895.szemelyhozzaad('Ujvári Solt','Zesh5phei','UjvariSolt@rhyta.com');
call h668895.szemelyhozzaad('Péter Orkény','eiT2puiK','PeterOrkeny@jourrapide.com');
call h668895.szemelyhozzaad('Gál Kende','Xae4rohg','GalKende@teleworm.us');
call h668895.szemelyhozzaad('Gáspár Milán','EiW0hai1','GasparMilan@armyspy.com');
call h668895.szemelyhozzaad('Keresztes Réka','Ahv8aeku','KeresztesReka@armyspy.com');
call h668895.szemelyhozzaad('Borbás Roza','reib5eShei','BorbasRoza@dayrep.com');
call h668895.szemelyhozzaad('Schmidt Aliz','ieM0ooMee','SchmidtAliz@dayrep.com');
call h668895.szemelyhozzaad('Pete Teca','roo8ohSho','PeteTeca@teleworm.us');
call h668895.szemelyhozzaad('Madarász Zsolt','Utie3ailiyoh','MadaraszZsolt@rhyta.com');
call h668895.szemelyhozzaad('Kádár Szabolcs','ee1ohD3b','KadarSzabolcs@dayrep.com');
call h668895.szemelyhozzaad('Fehér Zsanett','OhCh9phah','FeherZsanett@dayrep.com');
call h668895.szemelyhozzaad('Földi Ktisztina','Yoguhoith9e','FoldiKtisztina@teleworm.us');
call h668895.szemelyhozzaad('Vincze Krisztina','riev5Aiwoovo','VinczeKrisztina@teleworm.us');
call h668895.szemelyhozzaad('Schulteisz Rezsõ','ju8Aivoo8ie','SchulteiszRezso@teleworm.us');
call h668895.szemelyhozzaad('Papp Klaudia','XooQu7AiH','PappKlaudia@dayrep.com');
call h668895.szemelyhozzaad('Fülöp Gyula','Thii3feeQu0','FulopGyula@teleworm.us');
call h668895.szemelyhozzaad('Szõllõs Patony','ai5Aighath','SzollosPatony@teleworm.us');
call h668895.szemelyhozzaad('Totth Lorant','oseeVo7ph','TotthLorant@teleworm.us');
call h668895.szemelyhozzaad('Petö Bodi','Eree1eigie','PetoBodi@rhyta.com');
call h668895.szemelyhozzaad('Gulyás Erssike','Boo3eeciesh','GulyasErssike@dayrep.com');
call h668895.szemelyhozzaad('Vargha Paliki','oeroh3Oo','VarghaPaliki@jourrapide.com');
call h668895.szemelyhozzaad('Czakó Mátyás','Saeloh2fie','CzakoMatyas@jourrapide.com');
call h668895.szemelyhozzaad('Gaál Samuka','cakuH8pha','GaalSamuka@rhyta.com');
call h668895.szemelyhozzaad('Gaál Emese','Jabai1ohquu','GaalEmese@jourrapide.com');
call h668895.szemelyhozzaad('Zsinka Szabolcs','CieSh7jaes','ZsinkaSzabolcs@armyspy.com');
call h668895.szemelyhozzaad('Szölõsi Csongor','Ahsee6em2v','SzolosiCsongor@dayrep.com');
call h668895.szemelyhozzaad('Polak Balázs','LiiN0aejah','PolakBalazs@armyspy.com');
call h668895.szemelyhozzaad('Horvát Ormos','ohQu4dahph9','HorvatOrmos@jourrapide.com');
call h668895.szemelyhozzaad('Bertha Dániel','VooBeeg8','BerthaDaniel@teleworm.us');
call h668895.szemelyhozzaad('Bencze Sólyom','Aic6ohci1u','BenczeSolyom@jourrapide.com');
call h668895.szemelyhozzaad('Herceg Marcell','jaL8ohra','HercegMarcell@teleworm.us');
call h668895.szemelyhozzaad('Gera Bettina','aido6Ahv','GeraBettina@dayrep.com');
call h668895.szemelyhozzaad('Révész Bartalan','ahxaiHoL3iy','ReveszBartalan@armyspy.com');
call h668895.szemelyhozzaad('Kelemen Zoárd','oC7kuNg9c','KelemenZoard@jourrapide.com');
call h668895.szemelyhozzaad('Földi Bianka','Veebiu1quie','FoldiBianka@teleworm.us');
call h668895.szemelyhozzaad('Pethe Gisella','Uoweroo6','PetheGisella@armyspy.com');
call h668895.szemelyhozzaad('Szakáts Ozsvát','aisaiZugh2','SzakatsOzsvat@jourrapide.com');
call h668895.szemelyhozzaad('Kulcsár Lehel','Yohwei8uu','KulcsarLehel@dayrep.com');
call h668895.szemelyhozzaad('Sági Barnabás','eeg2XeiCah','SagiBarnabas@jourrapide.com');
call h668895.szemelyhozzaad('Gulyás Szalyk','phae7Phoh','GulyasSzalyk@armyspy.com');
call h668895.szemelyhozzaad('Smitt Laura','phu7Eike','SmittLaura@dayrep.com');
call h668895.szemelyhozzaad('Müllner Eszti','Eephoth1','MullnerEszti@teleworm.us');
call h668895.szemelyhozzaad('Szegedi Hajna','aivi6VeeD','SzegediHajna@armyspy.com');
call h668895.szemelyhozzaad('Borbás Sasa','xohhu7Iibei','BorbasSasa@armyspy.com');
call h668895.szemelyhozzaad('Vég Florka','aetheet6Da6','VegFlorka@rhyta.com');
call h668895.szemelyhozzaad('Vadász Evelin','zah1ohcheNg','VadaszEvelin@rhyta.com');
call h668895.szemelyhozzaad('Kuncz Ágnes','seo7ooN3eeTo','KunczAgnes@rhyta.com');
call h668895.szemelyhozzaad('Borsos Renátó','Fieb4af2','BorsosRenato@armyspy.com');
call h668895.szemelyhozzaad('Rácz Keve','Engai1xo4oo','RaczKeve@teleworm.us');
call h668895.szemelyhozzaad('Végh Atilla','Beid8aip','VeghAtilla@rhyta.com');
call h668895.szemelyhozzaad('Mülner Malcsi','aicua6KieGee','MulnerMalcsi@jourrapide.com');
call h668895.szemelyhozzaad('Szalay Hajnalka','Daimeit7E','SzalayHajnalka@teleworm.us');
call h668895.szemelyhozzaad('Havass Izabella','eth9peoWai','HavassIzabella@rhyta.com');
call h668895.szemelyhozzaad('Molnár Krisztián','bohto9eeW','MolnarKrisztian@rhyta.com');
call h668895.szemelyhozzaad('Csontos Folkus','eiDuw0xeuyee','CsontosFolkus@jourrapide.com');
call h668895.szemelyhozzaad('Herczeg Lipót','ied8AimieRie','HerczegLipot@jourrapide.com');
call h668895.szemelyhozzaad('Vass Robi','Tu4aeR4u','VassRobi@dayrep.com');
call h668895.szemelyhozzaad('Kárpáthy Bettina','uop4Eipih','KarpathyBettina@jourrapide.com');
call h668895.szemelyhozzaad('Erdélyi Anci','yooPoo4mai0','ErdelyiAnci@dayrep.com');
call h668895.szemelyhozzaad('Kocsis Mária','Boo5faeCie','KocsisMaria@teleworm.us');
call h668895.szemelyhozzaad('Schmid Angyalka','Eix5gohso8','SchmidAngyalka@rhyta.com');
call h668895.szemelyhozzaad('Fehér Szilveszter','Od6zu9ch','FeherSzilveszter@teleworm.us');
call h668895.szemelyhozzaad('Kun Kat','ied4Au8Ohw','KunKat@dayrep.com');
call h668895.szemelyhozzaad('Mester András','Doo4tie1oh','MesterAndras@rhyta.com');
call h668895.szemelyhozzaad('Benedek Taksony','Ohqu6iz1oo','BenedekTaksony@teleworm.us');
call h668895.szemelyhozzaad('Polgár Tomaj','hauXoh9ieph','PolgarTomaj@armyspy.com');
call h668895.szemelyhozzaad('Radics Kardos','Reingiex7ie','RadicsKardos@jourrapide.com');
call h668895.szemelyhozzaad('Papp Ákos','Een2Hiowee','PappAkos@rhyta.com');
call h668895.szemelyhozzaad('Barna Péter','hohyo1Pap','BarnaPeter@rhyta.com');
call h668895.szemelyhozzaad('Szalay Franciska','Op1AiY9deik','SzalayFranciska@rhyta.com');
call h668895.szemelyhozzaad('Sinko Ambrus','aes1Ujahsi8','SinkoAmbrus@dayrep.com');
call h668895.szemelyhozzaad('Weress Neci','ahp5Icheu','WeressNeci@armyspy.com');
call h668895.szemelyhozzaad('Fenyvessy Erzsok','CohPhaiH0pe','FenyvessyErzsok@teleworm.us');
call h668895.szemelyhozzaad('Meyer Lõrinc','jeey7Bai1v','MeyerLorinc@armyspy.com');
call h668895.szemelyhozzaad('Vagner Rykus','eejoh4uf5P','VagnerRykus@dayrep.com');
call h668895.szemelyhozzaad('Lukáts Treszka','ohYohsh1ra','LukatsTreszka@armyspy.com');
call h668895.szemelyhozzaad('Mayer Krisztina','eefeo9Oos2sie','MayerKrisztina@jourrapide.com');
call h668895.szemelyhozzaad('Kontz Rozalia','Tah4li4Quah','KontzRozalia@armyspy.com');
call h668895.szemelyhozzaad('Illés Adojan','yohn4Eu5nie','IllesAdojan@armyspy.com');
call h668895.szemelyhozzaad('Vas Tarcal','eJ7lohnae','VasTarcal@armyspy.com');
call h668895.szemelyhozzaad('Szöllössy Gara','eB3his8queu','SzollossyGara@rhyta.com');
call h668895.szemelyhozzaad('Kerekes Piusz','Oot0eengo0','KerekesPiusz@jourrapide.com');
call h668895.szemelyhozzaad('Ságy Gizi','eesh1Ieng','SagyGizi@jourrapide.com');
call h668895.szemelyhozzaad('Havassy Roland','rah9EekohB','HavassyRoland@rhyta.com');
call h668895.szemelyhozzaad('Józsa Patony','to6ieJene','JozsaPatony@armyspy.com');
call h668895.szemelyhozzaad('Polach Lenci','koh2Aesh','PolachLenci@teleworm.us');
call h668895.szemelyhozzaad('Bolla Soma','No2uimeech2','BollaSoma@rhyta.com');
call h668895.szemelyhozzaad('Czakó Etilka','xunaJ2rae','CzakoEtilka@armyspy.com');
call h668895.szemelyhozzaad('Szöke Géza','Hagh5aad','SzokeGeza@armyspy.com');
call h668895.szemelyhozzaad('Szigethy Ilona','uaPai5kah','SzigethyIlona@teleworm.us');
call h668895.szemelyhozzaad('Szõllösi Jázmin','Gei0ohchah','SzollosiJazmin@rhyta.com');
call h668895.szemelyhozzaad('Mester Aranka','emie0ageeRah','MesterAranka@teleworm.us');
call h668895.szemelyhozzaad('Bán Lilla','ar9ooThaegh','BanLilla@rhyta.com');
call h668895.szemelyhozzaad('Baranyay Alexa','Puoch6Eph','BaranyayAlexa@jourrapide.com');
call h668895.szemelyhozzaad('Szöllössi Melinda','aebemohc0Hae','SzollossiMelinda@armyspy.com');
call h668895.szemelyhozzaad('Tar Csenger','uu4uGoo3sh','TarCsenger@armyspy.com');
call h668895.szemelyhozzaad('Szakál Evelin','oY7eeghohr','SzakalEvelin@teleworm.us');
call h668895.szemelyhozzaad('Lõrinc Zalán','uChu3ohg7','LorincZalan@teleworm.us');
call h668895.szemelyhozzaad('Fenyves Tünde','Ahv9kibe3ya','FenyvesTunde@rhyta.com');
call h668895.szemelyhozzaad('Smit Martuska','aX0uc5oh','SmitMartuska@dayrep.com');
call h668895.szemelyhozzaad('Széll Laura','AiTheVeiP5ee','SzellLaura@jourrapide.com');
call h668895.szemelyhozzaad('Sós Paliki','Ti1ahbeeRaesh','SosPaliki@jourrapide.com');
call h668895.szemelyhozzaad('Pap Julcsa','Thosh7phuax','PapJulcsa@armyspy.com');
call h668895.szemelyhozzaad('Gyõrfi Gyuszi','othuiyu1Ph','GyorfiGyuszi@jourrapide.com');
call h668895.szemelyhozzaad('Polyák Nusi','EeS3dohf','PolyakNusi@armyspy.com');
call h668895.szemelyhozzaad('Majoros Tas','Eiphah5Qu','MajorosTas@rhyta.com');
call h668895.szemelyhozzaad('Fekete Jolan','waequ0OngohSh','FeketeJolan@dayrep.com');
call h668895.szemelyhozzaad('Szõlösi Patrícia','soeTh9phae','SzolosiPatricia@dayrep.com');
call h668895.szemelyhozzaad('Máté Myricoorish','uxae5sheW1doh','MateMyricoorish@teleworm.us');
call h668895.szemelyhozzaad('Szakály Virag','aiSh4ve6Ee','SzakalyVirag@jourrapide.com');
call h668895.szemelyhozzaad('Lantos Gisella','aiKei8vohph','LantosGisella@dayrep.com');
call h668895.szemelyhozzaad('Thury Nyék','mathieli0Kee','ThuryNyek@teleworm.us');
call h668895.szemelyhozzaad('Révész L?rinc','Fi8saikiedie','ReveszLorinc@rhyta.com');
call h668895.szemelyhozzaad('Petheö Zoltán','Aey0ohchae','PetheoZoltan@teleworm.us');
call h668895.szemelyhozzaad('Magyar Sebo','Ore5ohghee','MagyarSebo@dayrep.com');
call h668895.szemelyhozzaad('Lörinc Boldizsar','ooph7ungieTah','LorincBoldizsar@rhyta.com');
call h668895.szemelyhozzaad('Szõllõssy Bora','miek5Chi1','SzollossyBora@armyspy.com');
call h668895.szemelyhozzaad('Györffy Tabor','ou8win7Vu','GyorffyTabor@teleworm.us');
call h668895.szemelyhozzaad('Hegedüs Neci','ailoociu7Oh','HegedusNeci@armyspy.com');
call h668895.szemelyhozzaad('Szepes Alexandra','Meegh6Jaed5','SzepesAlexandra@dayrep.com');
call h668895.szemelyhozzaad('Vöröss Gréta','veeL9hoong5','VorossGreta@teleworm.us');
call h668895.szemelyhozzaad('Simko Jucika','aeda3Aequ','SimkoJucika@armyspy.com');
call h668895.szemelyhozzaad('Bodo Sasa','muSaeD1ei','BodoSasa@rhyta.com');
call h668895.szemelyhozzaad('Szücs Erzsi','xeVoo0el0','SzucsErzsi@dayrep.com');
call h668895.szemelyhozzaad('Szakál Mercédesz','chahMae2th','SzakalMercedesz@dayrep.com');
call h668895.szemelyhozzaad('Máthé Pista','Shi3foh3icah','MathePista@armyspy.com');
call h668895.szemelyhozzaad('Erdey Kamilla','nozeF1Oothie','ErdeyKamilla@dayrep.com');
call h668895.szemelyhozzaad('Orsós Dacso','Xa8eis1oh','OrsosDacso@rhyta.com');
call h668895.szemelyhozzaad('Rácz Csombor','Yohch8woh6l','RaczCsombor@armyspy.com');
call h668895.szemelyhozzaad('Sághi Erssike','Ci8iefu2iesh','SaghiErssike@dayrep.com');
call h668895.szemelyhozzaad('Petö Belle','UCh1Eujoo4ie','PetoBelle@dayrep.com');
call h668895.szemelyhozzaad('Földes Ugod','fieMat6ahGh','FoldesUgod@jourrapide.com');
call h668895.szemelyhozzaad('Kollár Erik','uRae4OhHua9','KollarErik@dayrep.com');
call h668895.szemelyhozzaad('Kollár Kartal','Miese9aenoh','KollarKartal@teleworm.us');
call h668895.szemelyhozzaad('Erdei Izabella','Wu0quoroh','ErdeiIzabella@dayrep.com');
call h668895.szemelyhozzaad('Kováts Lantos','aizapae1R','KovatsLantos@dayrep.com');
call h668895.szemelyhozzaad('Ujváry Koppány','Eijie7saph','UjvaryKoppany@rhyta.com');
call h668895.szemelyhozzaad('Lázár Marton','zu5OhZ1Eeph','LazarMarton@dayrep.com');
call h668895.szemelyhozzaad('Smit Barnabás','yaiC6ohtei','SmitBarnabas@dayrep.com');
call h668895.szemelyhozzaad('Danko Kitti','EeF0XaiJie','DankoKitti@rhyta.com');
call h668895.szemelyhozzaad('Smid Dalma','ahBeGei9Sai','SmidDalma@rhyta.com');
call h668895.szemelyhozzaad('Lõrincz Markos','Gai1Liez','LorinczMarkos@teleworm.us');
call h668895.szemelyhozzaad('Maier János','Itholied4i','MaierJanos@jourrapide.com');
call h668895.szemelyhozzaad('Szõts Dorika','Aeziek4gaik','SzotsDorika@jourrapide.com');
call h668895.szemelyhozzaad('Schmid Lukacs','oi7quo1eeQua','SchmidLukacs@armyspy.com');
call h668895.szemelyhozzaad('Lévai Emese','vaeCie8ah','LevaiEmese@dayrep.com');
call h668895.szemelyhozzaad('Földi Rókus','Eix7kai8Yae','FoldiRokus@jourrapide.com');
call h668895.szemelyhozzaad('Soós Odon','xohF8Az2iech','SoosOdon@armyspy.com');
call h668895.szemelyhozzaad('Sinka Endre','iemai0Nai','SinkaEndre@teleworm.us');
call h668895.szemelyhozzaad('Gyõrfi Ugor','OowuoD1O','GyorfiUgor@teleworm.us');
call h668895.szemelyhozzaad('Kultsár Sebes','zoith9Eo8a','KultsarSebes@jourrapide.com');
call h668895.szemelyhozzaad('Szöllösi Katalin','OKoigh7ohS','SzollosiKatalin@dayrep.com');
call h668895.szemelyhozzaad('Donka Noémi','aishiYafoL4','DonkaNoemi@teleworm.us');
call h668895.szemelyhozzaad('Bencze Virag','Aiquee7aesh','BenczeVirag@rhyta.com');
call h668895.szemelyhozzaad('Szilágyi Neci','ied5ath7E','SzilagyiNeci@teleworm.us');
call h668895.szemelyhozzaad('Söröss Kinga','Aeth0uqu','SorossKinga@rhyta.com');
call h668895.szemelyhozzaad('Ujvári Pázmán','aemooph7Kai','UjvariPazman@dayrep.com');
call h668895.szemelyhozzaad('Kulcsár Kemenes','oX3Veithei','KulcsarKemenes@teleworm.us');
call h668895.szemelyhozzaad('Pálinkás Jenci','vubuiG2Xai','PalinkasJenci@dayrep.com');
call h668895.szemelyhozzaad('Szepessi Gazsi','Gehaeph2aemae','SzepessiGazsi@armyspy.com');
call h668895.szemelyhozzaad('Major Dóra','aix9uphe4O','MajorDora@rhyta.com');
call h668895.szemelyhozzaad('Pataki Veronika','Shoo2iesh','PatakiVeronika@teleworm.us');
call h668895.szemelyhozzaad('Magyar Dalma','mae2ien6Aj','MagyarDalma@armyspy.com');
call h668895.szemelyhozzaad('Illés Orsolya','Aemah8uPae','IllesOrsolya@rhyta.com');
call h668895.szemelyhozzaad('Gyõrfi Gabriella','eibola0aor6Xee','GyorfiGabriella@rhyta.com');
call h668895.szemelyhozzaad('Gyarmathy Kat','mokifi5Eo9','GyarmathyKat@dayrep.com');
call h668895.szemelyhozzaad('Meyer Adojan','teiHu6ui','MeyerAdojan@teleworm.us');
call h668895.szemelyhozzaad('Kósa Lõrinc','ayee8Ji1ah','KosaLorinc@dayrep.com');
call h668895.szemelyhozzaad('Herman Gyurka','Ahfahr6oech','HermanGyurka@rhyta.com');
call h668895.szemelyhozzaad('Orsós Bettina','kah1ahliB3j','OrsosBettina@armyspy.com');
call h668895.szemelyhozzaad('Göröncsér Ramóna','mah7kie1J','GoroncserRamona@jourrapide.com');
call h668895.szemelyhozzaad('Balla Ilona','eK5Aawe7Shae','BallaIlona@dayrep.com');
call h668895.szemelyhozzaad('Mátyás Rebeka','ooN6Oid9Yu','MatyasRebeka@jourrapide.com');
call h668895.szemelyhozzaad('Tury Zsanett','ooKi7zah','TuryZsanett@teleworm.us');
call h668895.szemelyhozzaad('Révész Virag','ieghaiTh1th','ReveszVirag@teleworm.us');
call h668895.szemelyhozzaad('Szántó Adrián','XiX5Ooguuf','SzantoAdrian@armyspy.com');
call h668895.szemelyhozzaad('Gergely Uzor','Vai9vahg6vie','GergelyUzor@teleworm.us');
call h668895.szemelyhozzaad('Hofman Beatrix','pie9me4Eech','HofmanBeatrix@rhyta.com');
call h668895.szemelyhozzaad('Szöllõsi Jolan','Phienihej2s','SzollosiJolan@jourrapide.com');
call h668895.szemelyhozzaad('Áts Mátyás','Iuj0UJaeS','AtsMatyas@rhyta.com');
call h668895.szemelyhozzaad('Gyarmati Melinda','ahn9us0A','GyarmatiMelinda@armyspy.com');
call h668895.szemelyhozzaad('Szatmáry Zsofia','Yeep6veegh','SzatmaryZsofia@dayrep.com');
call h668895.szemelyhozzaad('Barabás Cili','ieh6si6Ai','BarabasCili@jourrapide.com');
call h668895.szemelyhozzaad('Pethõ Ágnes','oaSha2aix7wae','PethoAgnes@jourrapide.com');
call h668895.szemelyhozzaad('Szõcs Franciska','eiTohngah8','SzocsFranciska@dayrep.com');
call h668895.szemelyhozzaad('Herczeg Borsala','Hoc8urae','HerczegBorsala@rhyta.com');
call h668895.szemelyhozzaad('Szölösi Csilla','eifai4QuooNgah','SzolosiCsilla@rhyta.com');
call h668895.szemelyhozzaad('Soós Deli','quaeJ1osh','SoosDeli@teleworm.us');
call h668895.szemelyhozzaad('Csikós Frici','phae7wuChai','CsikosFrici@dayrep.com');
call h668895.szemelyhozzaad('Kósa Frici','AeNu7rie9','KosaFrici@rhyta.com');
call h668895.szemelyhozzaad('Gál Karsa','ci5Iebah','GalKarsa@armyspy.com');
call h668895.szemelyhozzaad('Böröcz Hanna','eishaeh5aTh','BoroczHanna@teleworm.us');
call h668895.szemelyhozzaad('Sultisz Ugor','xeiy2jieYah','SultiszUgor@armyspy.com');
call h668895.szemelyhozzaad('Lengyel Bertuska','paoma7ceoW','LengyelBertuska@rhyta.com');
call h668895.szemelyhozzaad('Márkus Vicuska','aith2Kie0r','MarkusVicuska@teleworm.us');
call h668895.szemelyhozzaad('Kálmán Hont','saeF3eev','KalmanHont@armyspy.com');
call h668895.szemelyhozzaad('Lázár Bettina','KuiT8acai','LazarBettina@jourrapide.com');
call h668895.szemelyhozzaad('Csikós Orzsebet','uuMoovai1','CsikosOrzsebet@rhyta.com');
call h668895.szemelyhozzaad('Szöllössi Karola','moN4meequ','SzollossiKarola@armyspy.com');
call h668895.szemelyhozzaad('Csizmazia Zerind','ea3su4meiR','CsizmaziaZerind@teleworm.us');
call h668895.szemelyhozzaad('Bányai Juci','iu0egh6OHei','BanyaiJuci@teleworm.us');
call h668895.szemelyhozzaad('Szakály Tzigane','topuqu4Eo8','SzakalyTzigane@dayrep.com');
call h668895.szemelyhozzaad('Dudás Szalók','ooFoo5eeJ3','DudasSzalok@armyspy.com');
call h668895.szemelyhozzaad('Veress Franciska','fire9oob1V','VeressFranciska@teleworm.us');
call h668895.szemelyhozzaad('Szölösi Zombor','oMoov1Ohg','SzolosiZombor@dayrep.com');
call h668895.szemelyhozzaad('Sághi Vitéz','aK2uangoo','SaghiVitez@dayrep.com');
call h668895.szemelyhozzaad('Seres Rezsõ','Xoh8thesh','SeresRezso@teleworm.us');
call h668895.szemelyhozzaad('Seress Karole','ac8Eegh1','SeressKarole@teleworm.us');
call h668895.szemelyhozzaad('Sinko Zsanett','ahw9TheVaig','SinkoZsanett@jourrapide.com');
call h668895.szemelyhozzaad('Lakatos Dorika','Hahv7yie5a','LakatosDorika@teleworm.us');
call h668895.szemelyhozzaad('Sebök Krisztián','reetai4toSh','SebokKrisztian@rhyta.com');
call h668895.szemelyhozzaad('Szöts Patrícia','gahp0ahChie','SzotsPatricia@dayrep.com');
call h668895.szemelyhozzaad('Smit Ibolya','IngeiZoo7j','SmitIbolya@dayrep.com');
call h668895.szemelyhozzaad('Kállai Ferenc','aipei5Joh7Ah','KallaiFerenc@jourrapide.com');
call h668895.szemelyhozzaad('Somogyi Diána','eek6Xee1Pai','SomogyiDiana@armyspy.com');
call h668895.szemelyhozzaad('Kováts Szilárd','xe3hai7Atai','KovatsSzilard@rhyta.com');
call h668895.szemelyhozzaad('Vagner Domokos','Ikei4eekohgh','VagnerDomokos@jourrapide.com');
call h668895.szemelyhozzaad('Benkó Roland','ohNgiegh9ee','BenkoRoland@jourrapide.com');
call h668895.szemelyhozzaad('Bagy Diána','Xohxahghee2','BagyDiana@armyspy.com');
call h668895.szemelyhozzaad('Szepesy Lilla','aik7Yout6ie','SzepesyLilla@armyspy.com');
call h668895.szemelyhozzaad('Szõts Tarján','ahMi4ooyohlui','SzotsTarjan@dayrep.com');
call h668895.szemelyhozzaad('Molnár Teca','eeYohde6ibee','MolnarTeca@dayrep.com');
call h668895.szemelyhozzaad('Soós Zerind','aoquie2Ei','SoosZerind@jourrapide.com');
call h668895.szemelyhozzaad('Danka Katarina','ahquiuVoh2ai','DankaKatarina@teleworm.us');
call h668895.szemelyhozzaad('Torma Armand','Aen2mea7Ee','TormaArmand@rhyta.com');
call h668895.szemelyhozzaad('Szöllössy Radomér','mie6shahPh','SzollossyRadomer@rhyta.com');
call h668895.szemelyhozzaad('Forgáts Ágnes','WoojeinooJ3','ForgatsAgnes@jourrapide.com');
call h668895.szemelyhozzaad('Szöke Kati','ohx7Oori9','SzokeKati@jourrapide.com');
call h668895.szemelyhozzaad('Forgáts Nóra','HohGeis9yi','ForgatsNora@dayrep.com');
call h668895.szemelyhozzaad('Lörinc Viva','shee4ieKa','LorincViva@jourrapide.com');
call h668895.szemelyhozzaad('Szüts Bence','Mu3Ooza1A','SzutsBence@jourrapide.com');
call h668895.szemelyhozzaad('Mátyás Zoárd','olaa1Xeimi','MatyasZoard@jourrapide.com');
call h668895.szemelyhozzaad('Földy Pongor','eihohh7Ah','FoldyPongor@rhyta.com');
call h668895.szemelyhozzaad('Tóth Adony','ea6ohGhai','TothAdony@rhyta.com');
call h668895.szemelyhozzaad('Szõcs Natália','inaiG6aP4aif','SzocsNatalia@armyspy.com');
call h668895.szemelyhozzaad('Bányay Szemere','LaeMuvae8g','BanyaySzemere@rhyta.com');
call h668895.szemelyhozzaad('Forgách Blanka','ohvee3Bei','ForgachBlanka@armyspy.com');
